X,Y,Z,Orientation
0.94,8.90,-1.50,DOWN
1.21,9.59,-1.07,DOWN
1.09,9.14,-2.36,DOWN
1.03,9.12,-4.16,DOWN
1.38,9.12,-6.34,DOWN
1.66,7.97,-7.40,DOWN
0.99,8.03,-7.37,DOWN
-0.27,7.63,-7.51,DOWN
-0.36,7.70,-8.10,DOWN
-0.86,8.36,-6.60,DOWN
-1.77,8.77,-3.28,DOWN
-0.07,8.62,-0.20,DOWN
1.81,9.52,1.86,DOWN
4.67,8.15,0.74,DOWN
6.62,8.21,-2.20,DOWN
4.50,8.06,-5.21,DOWN
0.23,5.81,-8.51,DOWN
-3.88,8.22,-4.22,DOWN
-0.91,9.32,1.38,DOWN
3.81,8.90,1.31,DOWN
6.93,8.01,-1.47,DOWN
6.19,6.96,-4.58,DOWN
0.84,6.86,-6.61,DOWN
0.46,6.29,-6.69,DOWN
0.61,5.38,-6.82,DOWN
0.34,5.62,-7.41,DOWN
0.37,6.25,-7.76,DOWN
0.55,6.66,-7.86,DOWN
0.56,6.81,-7.88,DOWN
0.24,6.74,-7.88,DOWN
-0.09,6.61,-7.77,DOWN
-0.26,6.60,-7.60,DOWN
-0.30,6.67,-7.43,DOWN
-0.34,6.85,-7.50,DOWN
-0.53,7.07,-7.68,DOWN
-0.90,7.28,-8.00,DOWN
-1.13,7.45,-8.20,DOWN
-1.24,7.55,-8.31,DOWN
-1.27,7.59,-8.35,DOWN
-1.28,7.50,-8.32,DOWN
-1.34,7.29,-8.10,DOWN
-1.40,6.98,-7.83,DOWN
-1.47,6.76,-7.60,DOWN
-1.51,6.57,-7.46,DOWN
-1.55,6.38,-7.33,DOWN
-1.58,6.22,-7.30,DOWN
-1.72,6.01,-7.24,DOWN
-1.89,5.87,-7.29,DOWN
-2.07,5.74,-7.33,DOWN
-2.31,5.64,-7.35,DOWN
-2.55,5.64,-7.35,DOWN
-2.81,5.77,-7.30,DOWN
-3.25,6.20,-7.16,DOWN
-3.57,6.83,-7.03,DOWN
-3.91,7.54,-7.09,DOWN
-4.28,8.05,-7.09,DOWN
-4.54,8.43,-7.05,DOWN
-4.82,8.55,-7.01,DOWN
-5.02,8.31,-6.89,DOWN
-5.18,8.05,-6.78,DOWN
-5.25,7.88,-6.65,DOWN
-5.32,7.78,-6.53,DOWN
-5.34,7.69,-6.37,DOWN
-5.47,7.74,-6.11,DOWN
-5.23,7.59,-5.92,DOWN
-5.01,7.22,-5.74,DOWN
-4.78,6.93,-5.65,DOWN
-4.51,6.64,-5.66,DOWN
-4.58,6.48,-5.66,DOWN
-4.74,6.56,-5.64,DOWN
-4.87,7.12,-5.60,DOWN
-4.77,7.53,-5.70,DOWN
-4.66,7.80,-5.75,DOWN
-4.57,8.03,-5.77,DOWN
-4.50,8.29,-5.66,DOWN
-4.44,8.43,-5.49,DOWN
-4.52,8.55,-5.26,DOWN
-4.64,8.60,-5.07,DOWN
-4.62,8.48,-4.82,DOWN
-4.51,8.34,-4.60,DOWN
-4.41,8.19,-4.45,DOWN
-4.21,8.03,-4.36,DOWN
-4.27,8.03,-4.41,DOWN
-4.42,8.15,-4.51,DOWN
-4.51,8.32,-4.52,DOWN
-4.55,8.44,-4.54,DOWN
-4.44,8.41,-4.45,DOWN
-4.30,8.34,-4.37,DOWN
-4.28,8.34,-4.18,DOWN
-4.29,8.48,-3.88,DOWN
-4.10,8.57,-3.56,DOWN
-3.95,8.74,-3.23,DOWN
-3.86,8.87,-2.99,DOWN
-3.80,8.95,-2.84,DOWN
-3.73,9.05,-2.78,DOWN
-3.74,9.08,-2.66,DOWN
-3.68,9.04,-2.51,DOWN
-3.46,8.94,-2.36,DOWN
-3.39,8.85,-2.26,DOWN
-3.47,8.80,-2.15,DOWN
-3.47,8.70,-1.94,DOWN
-3.29,8.52,-1.67,DOWN
-3.19,8.43,-1.58,DOWN
-3.28,8.39,-1.56,DOWN
-3.05,8.37,-1.36,DOWN
-2.89,8.49,-1.38,DOWN
-2.84,8.66,-1.24,DOWN
-2.61,8.89,-1.03,DOWN
-2.60,9.08,-0.90,DOWN
-2.65,9.18,-0.74,DOWN
-2.67,9.20,-0.51,DOWN
-2.62,9.13,-0.36,DOWN
-2.38,8.86,0.15,DOWN
-2.27,8.84,0.35,DOWN
-2.19,8.87,0.48,DOWN
-2.12,8.98,0.57,DOWN
-1.95,9.09,0.63,DOWN
-1.76,9.08,0.59,DOWN
-1.49,9.00,0.59,DOWN
-1.28,8.87,0.48,DOWN
-1.26,8.71,0.42,DOWN
-1.24,8.50,0.56,DOWN
-1.20,8.29,0.73,DOWN
-1.22,8.22,0.88,DOWN
-1.19,8.24,1.08,DOWN
-1.10,8.40,1.24,DOWN
-1.02,8.62,1.39,DOWN
-0.93,8.83,1.55,DOWN
-0.79,9.05,1.69,DOWN
-0.74,9.26,1.81,DOWN
-0.64,8.96,2.11,DOWN
-0.27,8.87,2.31,DOWN
0.08,8.92,2.38,DOWN
0.28,9.17,2.34,DOWN
0.35,9.54,2.30,DOWN
0.46,9.79,2.30,DOWN
0.69,9.99,2.45,DOWN
0.91,10.07,2.61,DOWN
1.03,10.06,2.75,DOWN
1.03,9.98,2.79,DOWN
1.03,9.91,2.72,DOWN
1.02,9.89,2.46,DOWN
0.99,9.97,2.22,DOWN
0.93,10.07,2.03,DOWN
0.87,10.09,1.79,DOWN
0.89,10.00,1.59,DOWN
0.88,9.97,1.45,DOWN
0.91,9.99,1.33,DOWN
0.87,10.05,1.17,DOWN
0.87,10.08,1.20,DOWN
0.95,10.25,1.31,DOWN
1.06,10.46,1.39,DOWN
1.23,10.63,1.52,DOWN
1.47,10.85,1.62,DOWN
1.72,10.96,1.67,DOWN
1.96,10.96,1.71,DOWN
2.22,10.85,1.72,DOWN
2.42,10.69,1.71,DOWN
2.66,10.44,1.62,DOWN
2.97,10.11,1.36,DOWN
3.16,9.87,0.99,DOWN
3.30,9.65,0.58,DOWN
3.43,9.41,0.11,DOWN
3.51,9.28,-0.18,DOWN
3.55,9.18,-0.32,DOWN
3.63,9.06,-0.29,DOWN
3.73,8.96,-0.16,DOWN
3.78,8.96,-0.06,DOWN
3.77,8.98,-0.01,DOWN
3.79,9.01,-0.12,DOWN
3.82,9.00,-0.33,DOWN
3.85,8.97,-0.57,DOWN
3.95,8.99,-0.74,DOWN
4.12,9.04,-0.79,DOWN
4.18,9.12,-0.79,DOWN
4.19,9.21,-0.77,DOWN
4.27,9.22,-0.84,DOWN
4.36,9.13,-0.99,DOWN
4.45,8.87,-1.25,DOWN
4.53,8.60,-1.47,DOWN
4.71,8.30,-1.56,DOWN
4.97,7.98,-1.66,DOWN
5.06,7.84,-1.79,DOWN
4.99,7.84,-2.04,DOWN
4.85,7.92,-2.29,DOWN
4.77,8.01,-2.43,DOWN
4.66,8.15,-2.60,DOWN
4.53,8.27,-2.77,DOWN
4.41,8.35,-2.97,DOWN
4.35,8.33,-3.15,DOWN
4.38,8.26,-3.34,DOWN
4.40,8.03,-3.81,DOWN
4.28,7.88,-4.31,DOWN
4.20,7.81,-4.69,DOWN
4.19,7.77,-5.04,DOWN
4.18,7.76,-5.45,DOWN
4.16,7.75,-5.82,DOWN
4.17,7.75,-6.11,DOWN
4.16,7.73,-6.51,DOWN
4.11,7.70,-6.81,DOWN
4.05,7.68,-7.04,DOWN
4.00,7.60,-7.20,DOWN
3.96,7.52,-7.25,DOWN
3.89,7.39,-7.31,DOWN
3.79,7.22,-7.45,DOWN
3.55,6.95,-7.77,DOWN
3.28,6.75,-8.01,DOWN
2.99,6.56,-8.34,DOWN
2.71,6.42,-8.68,DOWN
2.38,6.31,-9.11,DOWN
2.17,6.20,-9.42,DOWN
1.97,6.12,-9.71,DOWN
1.74,6.13,-9.95,DOWN
1.58,6.22,-10.11,DOWN
1.34,6.47,-10.33,DOWN
1.22,6.65,-10.52,DOWN
1.03,6.84,-10.72,DOWN
0.90,6.91,-10.85,DOWN
0.76,6.87,-10.89,DOWN
0.57,6.69,-10.86,DOWN
0.46,6.51,-10.79,DOWN
0.34,6.34,-10.73,DOWN
0.20,6.20,-10.65,DOWN
0.08,6.16,-10.63,DOWN
-0.13,6.20,-10.61,DOWN
-0.34,6.40,-10.49,DOWN
-0.41,6.53,-10.31,DOWN
-0.43,6.68,-10.04,DOWN
-0.47,6.72,-9.89,DOWN
-0.54,6.74,-9.73,DOWN
-0.63,6.79,-9.48,DOWN
-0.74,6.84,-9.20,DOWN
-0.91,6.90,-8.36,DOWN
-0.98,6.96,-8.02,DOWN
-0.99,7.07,-7.75,DOWN
-1.01,7.24,-7.54,DOWN
-1.10,7.36,-7.47,DOWN
-1.28,7.53,-7.37,DOWN
-1.46,7.72,-7.24,DOWN
-1.61,7.90,-7.15,DOWN
-1.79,8.08,-7.03,DOWN
-2.03,8.24,-6.89,DOWN
-2.18,8.32,-6.77,DOWN
-2.31,8.43,-6.62,DOWN
-2.37,8.46,-6.50,DOWN
-2.43,8.43,-6.30,DOWN
-2.50,8.36,-6.15,DOWN
-2.36,8.27,-5.96,DOWN
-2.17,8.16,-5.72,DOWN
-2.05,8.11,-5.55,DOWN
-1.89,8.10,-5.28,DOWN
-1.72,8.05,-5.06,DOWN
-1.68,8.02,-4.99,DOWN
-1.66,8.04,-4.98,DOWN
-1.64,8.11,-5.00,DOWN
-1.62,8.24,-5.00,DOWN
-1.58,8.38,-4.95,DOWN
-1.55,8.57,-4.83,DOWN
-1.49,8.75,-4.75,DOWN
-1.42,8.90,-4.60,DOWN
-1.17,9.03,-4.36,DOWN
-1.05,9.06,-4.20,DOWN
-0.81,9.10,-4.05,DOWN
-0.66,9.04,-3.92,DOWN
-0.41,8.93,-3.59,DOWN
-0.02,8.98,-3.42,DOWN
0.18,8.98,-3.32,DOWN
0.33,8.95,-3.22,DOWN
0.49,8.95,-3.03,DOWN
0.59,9.00,-2.93,DOWN
0.65,9.09,-2.81,DOWN
0.67,9.14,-2.75,DOWN
0.72,9.21,-2.72,DOWN
0.81,9.28,-2.68,DOWN
0.88,9.35,-2.63,DOWN
0.93,9.41,-2.53,DOWN
0.96,9.47,-2.49,DOWN
0.96,9.48,-2.50,DOWN
1.01,9.47,-2.52,DOWN
1.05,9.42,-2.55,DOWN
1.12,9.33,-2.55,DOWN
1.21,9.25,-2.51,DOWN
1.29,9.20,-2.41,DOWN
1.39,9.21,-2.31,DOWN
1.54,9.31,-2.20,DOWN
1.67,9.43,-2.06,DOWN
1.79,9.56,-1.91,DOWN
1.87,9.61,-1.85,DOWN
1.88,9.60,-1.78,DOWN
1.88,9.50,-1.65,DOWN
1.90,9.38,-1.60,DOWN
1.95,9.32,-1.57,DOWN
2.04,9.35,-1.47,DOWN
2.16,9.48,-1.33,DOWN
2.23,9.62,-1.23,DOWN
2.30,9.72,-1.09,DOWN
2.39,9.81,-0.93,DOWN
2.36,9.83,-0.91,DOWN
2.21,9.92,-0.79,DOWN
2.31,9.93,-0.84,DOWN
2.43,9.88,-0.96,DOWN
2.48,9.80,-1.13,DOWN
2.51,9.69,-1.29,DOWN
1.04,-10.18,-1.82,UP
0.97,-10.07,-1.58,UP
2.29,-9.57,-1.84,UP
3.85,-10.13,-0.82,UP
3.82,-10.00,-0.71,UP
3.80,-9.82,-0.36,UP
3.80,-9.66,-0.04,UP
3.77,-9.50,0.28,UP
3.86,-9.51,0.38,UP
3.91,-9.59,0.33,UP
3.94,-9.66,0.21,UP
3.90,-9.69,0.00,UP
3.85,-9.57,-0.21,UP
3.85,-9.47,-0.23,UP
3.89,-9.37,-0.18,UP
4.16,-9.86,0.02,UP
4.01,-9.99,0.14,UP
3.81,-9.73,0.08,UP
3.87,-9.40,0.06,UP
3.99,-9.04,0.09,UP
4.00,-8.80,0.00,UP
4.06,-8.71,-0.07,UP
4.07,-8.64,-0.23,UP
3.93,-8.52,-0.40,UP
3.71,-8.24,-0.53,UP
3.64,-7.98,-0.51,UP
3.72,-7.87,-0.36,UP
3.86,-8.04,-0.18,UP
3.96,-8.32,0.06,UP
4.07,-8.63,0.26,UP
4.07,-8.77,0.33,UP
4.03,-8.81,0.28,UP
3.95,-8.77,0.10,UP
3.91,-8.71,-0.17,UP
3.87,-8.72,-0.45,UP
3.82,-8.79,-0.61,UP
3.83,-8.87,-0.61,UP
3.85,-8.94,-0.56,UP
3.85,-9.02,-0.51,UP
3.89,-9.05,-0.50,UP
3.91,-9.05,-0.56,UP
3.84,-9.05,-0.76,UP
3.73,-9.03,-1.02,UP
3.60,-8.95,-1.21,UP
3.59,-8.93,-1.27,UP
3.59,-8.90,-1.36,UP
3.49,-8.94,-1.41,UP
3.44,-8.98,-1.42,UP
3.42,-9.02,-1.52,UP
3.35,-9.02,-1.69,UP
3.23,-9.03,-1.86,UP
3.09,-8.99,-1.97,UP
3.00,-8.95,-2.01,UP
2.87,-8.86,-2.00,UP
2.89,-8.85,-1.93,UP
3.04,-9.00,-1.99,UP
3.02,-9.19,-2.06,UP
2.95,-9.38,-2.12,UP
2.90,-9.55,-2.15,UP
2.84,-9.68,-2.13,UP
2.76,-9.74,-2.16,UP
2.61,-9.86,-2.12,UP
2.41,-10.04,-2.13,UP
2.26,-10.12,-2.22,UP
2.05,-10.05,-2.35,UP
1.87,-9.74,-2.38,UP
1.81,-9.46,-2.26,UP
1.85,-9.27,-2.17,UP
1.90,-9.23,-2.14,UP
1.93,-9.41,-2.19,UP
1.93,-9.75,-2.34,UP
1.92,-10.07,-2.44,UP
1.83,-10.40,-2.66,UP
1.58,-10.50,-2.79,UP
1.42,-10.47,-2.77,UP
1.27,-10.29,-2.68,UP
1.06,-9.94,-2.63,UP
0.72,-9.21,-2.53,UP
0.75,-8.77,-2.39,UP
0.79,-8.60,-2.24,UP
0.71,-8.93,-2.43,UP
0.60,-9.39,-2.74,UP
0.28,-9.92,-3.09,UP
-0.12,-10.31,-3.17,UP
-0.32,-10.32,-2.90,UP
-0.23,-10.13,-2.69,UP
-0.11,-9.94,-2.57,UP
-0.04,-9.81,-2.62,UP
-0.03,-9.83,-2.72,UP
0.04,-9.94,-2.86,UP
0.33,-10.18,-3.11,UP
0.23,-10.37,-3.35,UP
-0.10,-10.43,-3.29,UP
-0.39,-10.47,-3.05,UP
-0.41,-10.48,-2.90,UP
-0.41,-10.41,-2.82,UP
-0.64,-10.06,-2.76,UP
-0.93,-9.71,-2.89,UP
-1.10,-9.53,-2.80,UP
-1.13,-9.49,-2.55,UP
-1.01,-9.51,-2.40,UP
-0.77,-9.57,-2.36,UP
-0.53,-9.69,-2.42,UP
-0.39,-9.86,-2.51,UP
-0.31,-10.12,-2.68,UP
-0.34,-10.46,-2.94,UP
-0.39,-10.73,-3.10,UP
-0.44,-10.94,-3.11,UP
-0.41,-11.01,-3.09,UP
-0.36,-11.00,-3.14,UP
-0.41,-10.87,-3.08,UP
-0.48,-10.73,-2.93,UP
-0.54,-10.58,-2.61,UP
-0.62,-10.51,-2.16,UP
-0.66,-10.50,-1.66,UP
-0.67,-10.51,-1.22,UP
-0.68,-10.53,-0.91,UP
-0.60,-10.56,-0.74,UP
-0.50,-10.55,-0.69,UP
-0.36,-10.53,-0.71,UP
-0.22,-10.55,-0.70,UP
-0.02,-10.64,-0.63,UP
0.33,-10.72,-0.55,UP
0.70,-10.79,-0.55,UP
0.92,-10.82,-0.73,UP
0.92,-10.84,-1.29,UP
0.61,-10.74,-2.09,UP
0.19,-10.39,-2.39,UP
-0.08,-9.98,-2.26,UP
-0.06,-9.63,-1.70,UP
0.11,-9.50,-1.11,UP
0.37,-9.50,-0.56,UP
0.53,-9.66,-0.36,UP
0.64,-9.84,-0.28,UP
0.79,-10.03,-0.25,UP
0.98,-10.18,-0.26,UP
1.10,-10.18,-0.19,UP
1.17,-10.10,-0.01,UP
1.25,-9.97,0.29,UP
1.39,-9.88,0.68,UP
1.52,-9.90,0.99,UP
1.69,-9.97,1.21,UP
1.87,-10.13,1.33,UP
1.99,-10.31,1.38,UP
2.13,-10.49,1.42,UP
2.31,-10.62,1.71,UP
2.49,-10.69,1.94,UP
2.63,-10.71,2.08,UP
2.75,-10.75,1.97,UP
2.78,-10.65,1.78,UP
2.81,-10.49,1.65,UP
3.03,-10.18,1.66,UP
3.19,-9.72,1.48,UP
3.16,-9.30,1.40,UP
3.20,-8.97,1.29,UP
3.24,-8.72,1.12,UP
3.43,-8.81,1.03,UP
3.36,-8.83,1.30,UP
3.12,-8.45,1.39,UP
3.07,-8.01,1.72,UP
2.96,-7.58,2.02,UP
2.88,-7.23,1.84,UP
2.83,-7.05,1.67,UP
2.73,-6.88,1.44,UP
2.71,-6.85,1.43,UP
2.77,-6.92,1.33,UP
2.92,-6.97,1.16,UP
3.16,-7.03,0.94,UP
3.55,-7.13,0.94,UP
3.81,-7.29,1.19,UP
4.01,-7.50,1.52,UP
4.23,-7.75,1.75,UP
4.39,-7.90,1.78,UP
5.24,-8.29,0.58,UP
5.45,-8.18,0.19,UP
5.60,-8.18,0.04,UP
5.66,-8.29,0.16,UP
5.83,-8.68,0.40,UP
5.60,-8.70,0.73,UP
5.43,-8.28,0.45,UP
5.43,-8.06,0.35,UP
5.50,-7.97,0.15,UP
5.58,-8.02,0.03,UP
5.49,-8.13,0.05,UP
5.47,-8.18,-0.13,UP
5.50,-8.16,-0.34,UP
5.52,-8.13,-0.56,UP
5.48,-8.10,-0.67,UP
5.41,-8.07,-0.67,UP
5.42,-8.10,-0.64,UP
5.33,-8.22,-0.60,UP
5.22,-8.32,-0.57,UP
5.13,-8.33,-0.64,UP
5.04,-8.27,-0.80,UP
5.00,-8.19,-0.92,UP
4.96,-8.08,-1.04,UP
4.87,-7.98,-1.20,UP
4.81,-7.91,-1.42,UP
4.54,-7.84,-1.68,UP
4.23,-7.82,-1.84,UP
4.19,-7.81,-1.93,UP
4.29,-7.84,-2.01,UP
4.46,-8.00,-2.07,UP
4.58,-8.29,-2.11,UP
4.54,-8.45,-2.08,UP
4.47,-8.44,-2.10,UP
4.45,-8.41,-2.21,UP
4.43,-8.46,-2.34,UP
4.47,-8.54,-2.35,UP
4.45,-8.72,-2.12,UP
4.41,-8.88,-1.78,UP
4.31,-9.04,-1.61,UP
4.19,-9.23,-1.62,UP
4.04,-9.39,-1.68,UP
3.92,-9.55,-1.71,UP
3.66,-9.70,-1.84,UP
3.45,-9.67,-1.97,UP
3.30,-9.59,-2.15,UP
3.25,-9.45,-2.49,UP
3.32,-9.34,-2.88,UP
3.34,-9.23,-3.24,UP
3.19,-9.20,-3.51,UP
3.05,-9.17,-3.66,UP
2.94,-9.07,-3.69,UP
2.85,-8.95,-3.58,UP
2.78,-8.92,-3.48,UP
2.75,-9.02,-3.39,UP
2.75,-9.19,-3.33,UP
2.58,-9.41,-3.39,UP
2.49,-9.61,-3.43,UP
2.48,-9.81,-3.45,UP
2.42,-10.04,-3.44,UP
2.45,-10.21,-3.53,UP
2.44,-10.34,-3.64,UP
2.28,-10.41,-3.84,UP
2.15,-10.43,-3.95,UP
2.01,-10.40,-4.05,UP
1.83,-10.28,-4.11,UP
1.73,-10.15,-4.10,UP
1.56,-10.04,-4.09,UP
1.31,-10.03,-4.06,UP
1.14,-10.08,-3.94,UP
0.78,-10.11,-3.66,UP
0.61,-10.07,-3.33,UP
0.58,-10.01,-3.14,UP
0.51,-9.91,-3.14,UP
0.38,-9.81,-3.27,UP
0.23,-9.69,-3.36,UP
0.23,-9.60,-3.39,UP
0.43,-9.57,-3.52,UP
0.47,-9.60,-3.69,UP
0.41,-9.67,-3.78,UP
0.29,-9.88,-3.82,UP
0.18,-10.13,-3.80,UP
0.11,-10.37,-3.76,UP
0.00,-10.45,-3.77,UP
-0.19,-10.35,-3.79,UP
-0.28,-10.14,-3.73,UP
-0.30,-10.10,-3.57,UP
-0.28,-10.16,-3.47,UP
-0.26,-10.28,-3.39,UP
-0.31,-10.42,-3.30,UP
-0.38,-10.45,-3.37,UP
-0.47,-10.35,-3.69,UP
-0.40,-10.27,-3.79,UP
-0.29,-10.17,-3.74,UP
-0.17,-9.97,-3.61,UP
-0.13,-9.83,-3.53,UP
-0.14,-9.66,-3.45,UP
-0.15,-9.40,-3.34,UP
-0.11,-9.26,-3.29,UP
-0.13,-9.19,-3.38,UP
-0.29,-9.17,-3.53,UP
-0.44,-9.22,-3.53,UP
-0.62,-9.27,-3.39,UP
-0.84,-9.20,-3.21,UP
-0.91,-9.18,-3.03,UP
-1.00,-9.20,-2.77,UP
-1.12,-9.21,-2.56,UP
-1.15,-9.25,-2.46,UP
-1.16,-9.34,-2.33,UP
-1.12,-9.55,-2.32,UP
-1.01,-9.68,-2.43,UP
-0.83,-9.79,-2.64,UP
-0.69,-9.91,-2.86,UP
-0.66,-10.03,-3.05,UP
-0.70,-10.12,-3.20,UP
-0.75,-10.19,-3.17,UP
-0.85,-10.19,-3.12,UP
-0.97,-10.18,-3.01,UP
-1.09,-10.15,-2.79,UP
-1.11,-10.06,-2.65,UP
-1.11,-9.94,-2.55,UP
-1.10,-9.80,-2.44,UP
-1.12,-9.68,-2.46,UP
-1.22,-9.61,-2.47,UP
-1.40,-9.56,-2.29,UP
-1.43,-9.50,-2.17,UP
-1.38,-9.43,-2.14,UP
-1.30,-9.36,-2.19,UP
-1.23,-9.30,-2.18,UP
-1.15,-9.28,-2.30,UP
-1.12,-9.28,-2.40,UP
-1.10,-9.30,-2.47,UP
-1.14,-9.36,-2.58,UP
-1.21,-9.46,-2.57,UP
-1.24,-9.55,-2.36,UP
-1.29,-9.64,-2.10,UP
-1.36,-9.77,-1.77,UP
-1.36,-9.88,-1.54,UP
-1.30,-10.03,-1.37,UP
-1.32,-10.22,-1.23,UP
-1.50,-10.34,-1.26,UP
-1.99,-10.39,-1.28,UP
-2.33,-10.41,-1.12,UP
-2.37,-10.36,-0.69,UP
-2.16,-10.25,-0.38,UP
-1.92,-10.12,-0.17,UP
-1.72,-10.05,-0.11,UP
-1.60,-10.09,-0.18,UP
-1.57,-10.17,-0.29,UP
-1.54,-10.23,-0.32,UP
-1.49,-10.19,-0.30,UP
-1.44,-10.04,-0.26,UP
-1.41,-9.74,-0.13,UP
-1.39,-9.49,0.05,UP
-1.35,-9.30,0.31,UP
-1.22,-9.20,0.60,UP
-1.15,-9.22,0.82,UP
-1.16,-9.34,1.12,UP
-1.26,-9.56,1.60,UP
-1.42,-9.80,1.96,UP
-1.53,-10.07,2.34,UP
-1.60,-10.26,2.61,UP
-1.65,-10.42,2.94,UP
-1.62,-10.50,3.06,UP
-1.48,-10.54,2.79,UP
-1.28,-10.55,2.25,UP
-1.16,-10.49,1.97,UP
-1.05,-10.38,1.93,UP
-0.89,-10.22,2.07,UP
-0.66,-10.10,2.29,UP
-0.33,-10.03,2.44,UP
-0.04,-9.96,2.51,UP
0.22,-9.86,2.49,UP
0.44,-9.80,2.43,UP
0.82,-9.74,2.24,UP
1.12,-9.68,2.10,UP
1.25,-9.66,2.06,UP
1.08,-9.65,2.01,UP
0.63,-9.55,2.15,UP
0.37,-9.30,2.33,UP
0.34,-9.09,2.46,UP
0.43,-8.86,2.57,UP
0.68,-8.60,2.72,UP
0.96,-8.48,2.88,UP
1.20,-8.37,3.06,UP
1.36,-8.34,3.24,UP
1.47,-8.41,3.37,UP
1.54,-8.55,3.48,UP
1.57,-8.62,3.47,UP
1.49,-8.55,3.27,UP
1.38,-8.31,3.09,UP
1.23,-7.86,3.02,UP
1.15,-7.46,2.89,UP
1.25,-7.04,2.70,UP
1.45,-6.57,2.54,UP
1.55,-6.42,2.52,UP
1.57,-6.39,2.62,UP
1.63,-6.54,2.70,UP
1.79,-6.80,2.83,UP
1.86,-7.01,2.95,UP
1.84,-7.13,3.23,UP
1.97,-7.18,3.52,UP
2.15,-7.41,3.49,UP
2.31,-7.61,3.38,UP
2.43,-7.85,3.19,UP
2.59,-8.10,3.08,UP
2.70,-8.18,3.09,UP
2.87,-8.18,3.25,UP
3.11,-8.07,3.53,UP
3.24,-8.15,3.95,UP
3.15,-8.06,4.09,UP
2.94,-7.94,3.95,UP
2.79,-7.97,3.72,UP
2.61,-8.14,3.43,UP
2.60,-8.10,3.26,UP
2.87,-7.94,2.92,UP
3.15,-7.92,2.52,UP
3.41,-7.94,2.25,UP
3.53,-8.06,2.08,UP
3.46,-8.30,2.04,UP
3.37,-8.57,2.09,UP
3.45,-8.63,2.23,UP
3.65,-8.51,2.46,UP
3.70,-8.58,2.69,UP
3.77,-8.74,2.84,UP
3.94,-8.83,2.87,UP
4.10,-8.95,2.72,UP
4.13,-9.15,2.54,UP
4.12,-9.34,2.33,UP
4.09,-9.51,2.06,UP
4.14,-9.69,1.90,UP
4.40,-9.66,1.99,UP
4.45,-9.34,1.88,UP
4.38,-9.12,1.49,UP
4.30,-9.09,1.04,UP
4.15,-9.05,0.72,UP
3.93,-8.97,0.39,UP
3.72,-8.74,0.06,UP
3.55,-8.37,-0.27,UP
3.48,-8.16,-0.41,UP
3.48,-8.04,-0.46,UP
3.50,-8.04,-0.57,UP
3.54,-8.16,-0.58,UP
3.58,-8.44,-0.60,UP
3.62,-8.67,-0.51,UP
3.77,-8.89,-0.36,UP
4.04,-9.13,-0.36,UP
4.38,-9.47,-0.40,UP
4.57,-9.73,-0.47,UP
4.62,-9.88,-0.58,UP
4.59,-9.86,-0.79,UP
4.58,-9.77,-1.14,UP
4.64,-9.73,-1.31,UP
4.62,-9.72,-1.37,UP
4.43,-9.77,-1.40,UP
4.28,-9.86,-1.47,UP
4.26,-9.95,-1.64,UP
4.27,-10.02,-1.97,UP
4.27,-10.05,-2.28,UP
4.27,-10.01,-2.69,UP
4.21,-9.88,-3.08,UP
3.96,-9.50,-3.46,UP
3.75,-9.10,-3.68,UP
3.66,-8.71,-3.73,UP
3.75,-8.62,-3.53,UP
3.75,-8.94,-3.23,UP
3.62,-9.44,-2.88,UP
3.45,-9.97,-2.66,UP
3.43,-10.16,-2.65,UP
3.50,-10.10,-2.78,UP
3.60,-9.83,-2.97,UP
3.69,-9.65,-3.24,UP
3.77,-9.70,-3.40,UP
3.80,-9.98,-3.39,UP
3.77,-10.37,-3.31,UP
3.62,-10.57,-3.32,UP
3.53,-10.47,-3.39,UP
3.45,-10.13,-3.56,UP
3.24,-9.55,-3.63,UP
3.04,-9.09,-3.65,UP
2.89,-8.76,-3.92,UP
2.69,-8.54,-4.23,UP
2.57,-8.59,-4.25,UP
2.49,-8.83,-4.05,UP
2.38,-9.17,-3.63,UP
2.23,-9.55,-3.03,UP
2.14,-9.75,-2.62,UP
2.07,-9.86,-2.47,UP
2.04,-9.89,-2.49,UP
2.04,-9.84,-2.44,UP
1.82,-9.73,-2.25,UP
1.35,-9.53,-1.98,UP
0.98,-9.27,-1.93,UP
0.89,-9.05,-2.13,UP
0.88,-8.85,-2.46,UP
0.92,-8.74,-2.74,UP
1.04,-8.63,-3.04,UP
1.16,-8.42,-3.33,UP
1.27,-8.31,-3.48,UP
1.34,-8.30,-3.51,UP
1.35,-8.35,-3.43,UP
1.32,-8.44,-3.31,UP
1.28,-8.58,-3.22,UP
1.19,-8.74,-3.19,UP
1.12,-9.02,-3.20,UP
1.15,-9.27,-3.16,UP
1.21,-9.51,-3.04,UP
1.28,-9.74,-2.83,UP
1.36,-9.91,-2.73,UP
1.57,-10.10,-2.72,UP
1.81,-10.32,-2.74,UP
2.03,-10.67,-2.88,UP
2.02,-10.83,-3.13,UP
2.06,-10.85,-3.14,UP
2.21,-10.98,-3.09,UP
2.26,-11.27,-2.86,UP
2.14,-11.47,-2.60,UP
1.93,-11.50,-2.39,UP
1.74,-11.30,-2.24,UP
1.56,-10.85,-2.09,UP
1.39,-10.45,-2.00,UP
1.28,-10.12,-1.88,UP
1.11,-9.75,-1.75,UP
0.92,-9.44,-1.68,UP
0.71,-9.17,-1.64,UP
0.45,-9.07,-1.47,UP
0.32,-9.13,-1.28,UP
0.22,-9.18,-1.13,UP
0.20,-9.25,-1.04,UP
0.34,-9.21,-1.09,UP
0.72,-9.09,-1.23,UP
1.13,-9.02,-1.44,UP
1.34,-8.97,-1.72,UP
1.18,-9.13,-1.98,UP
0.97,-9.47,-1.96,UP
0.77,-9.96,-1.77,UP
0.67,-10.30,-1.52,UP
0.56,-10.51,-1.33,UP
0.29,-10.54,-1.26,UP
0.07,-10.49,-1.23,UP
-0.02,-10.43,-1.15,UP
-0.11,-10.35,-1.00,UP
-0.30,-10.37,-0.80,UP
-0.67,-10.47,-0.49,UP
-0.85,-10.52,-0.26,UP
-0.91,-10.56,-0.12,UP
-0.87,-10.48,0.02,UP
-0.91,-10.30,0.09,UP
-0.94,-10.12,0.11,UP
-0.85,-9.92,0.06,UP
-0.68,-9.69,-0.14,UP
-0.58,-9.47,-0.38,UP
-0.52,-9.28,-0.62,UP
-0.46,-9.10,-0.78,UP
-0.43,-8.95,-0.78,UP
-0.50,-8.87,-0.74,UP
-0.67,-8.93,-0.60,UP
-0.85,-9.14,-0.48,UP
-1.04,-9.43,-0.32,UP
-1.31,-9.83,-0.09,UP
-1.45,-10.12,0.19,UP
-1.62,-10.12,0.34,UP
-1.88,-9.81,0.64,UP
-2.10,-9.41,1.13,UP
-2.08,-9.37,1.34,UP
-1.89,-9.79,1.14,UP
-1.93,-10.11,0.97,UP
-2.03,-10.37,0.84,UP
-2.06,-10.33,0.83,UP
-1.98,-10.17,0.89,UP
-1.81,-9.98,0.94,UP
-1.55,-9.84,0.95,UP
-1.47,-9.78,0.87,UP
-1.51,-9.74,0.79,UP
-1.58,-9.68,0.70,UP
-1.60,-9.57,0.67,UP
-1.62,-9.49,0.65,UP
-1.79,-9.16,1.01,UP
-1.62,-9.22,1.03,UP
-1.36,-9.45,0.96,UP
-1.25,-9.66,0.95,UP
-1.13,-9.88,1.07,UP
-0.98,-10.08,1.27,UP
-0.79,-10.26,1.56,UP
-0.68,-10.49,1.86,UP
-0.56,-10.79,2.03,UP
-0.39,-11.09,1.99,UP
-0.20,-11.14,1.69,UP
-0.15,-11.01,1.41,UP
-0.23,-10.76,1.07,UP
-0.43,-10.46,0.82,UP
-0.60,-10.17,0.79,UP
-0.55,-9.97,0.82,UP
-0.34,-9.98,0.93,UP
-0.05,-10.14,1.14,UP
0.20,-10.26,1.32,UP
0.50,-10.23,1.65,UP
0.80,-9.96,1.92,UP
0.95,-9.74,1.93,UP
0.95,-9.51,1.98,UP
0.88,-9.25,2.01,UP
0.82,-9.07,2.01,UP
0.74,-8.94,1.99,UP
0.62,-8.72,1.93,UP
0.50,-8.47,1.85,UP
0.43,-8.17,1.75,UP
0.42,-8.00,1.75,UP
0.38,-7.92,1.74,UP
0.33,-7.93,1.82,UP
0.41,-7.96,2.05,UP
0.81,-7.91,2.47,UP
1.19,-7.85,2.69,UP
1.39,-7.92,2.82,UP
1.53,-8.18,2.72,UP
1.43,-8.49,2.71,UP
1.52,-8.71,2.71,UP
1.82,-8.90,2.44,UP
1.89,-8.90,2.25,UP
2.00,-8.88,2.13,UP
2.32,-8.75,2.23,UP
2.45,-8.59,2.41,UP
2.49,-8.58,2.50,UP
2.54,-8.62,2.78,UP
2.66,-8.78,3.11,UP
2.91,-9.01,3.27,UP
2.99,-9.06,3.32,UP
3.04,-8.98,3.20,UP
3.13,-8.86,3.07,UP
3.24,-8.73,2.81,UP
3.28,-8.65,2.56,UP
3.32,-8.60,2.36,UP
3.36,-8.53,2.27,UP
3.49,-8.45,2.19,UP
3.60,-8.47,2.09,UP
3.60,-8.40,2.14,UP
3.58,-8.36,2.17,UP
3.70,-8.40,2.00,UP
3.87,-8.41,1.87,UP
3.96,-8.47,1.75,UP
4.00,-8.48,1.61,UP
4.01,-8.35,1.58,UP
3.99,-8.21,1.57,UP
3.86,-8.09,1.59,UP
3.79,-8.03,1.57,UP
3.82,-8.03,1.54,UP
3.84,-8.15,1.50,UP
3.85,-8.17,1.46,UP
3.77,-8.25,1.35,UP
3.73,-8.32,1.12,UP
3.70,-8.42,0.86,UP
3.59,-8.58,0.67,UP
3.51,-8.55,0.51,UP
3.48,-8.25,0.34,UP
3.49,-7.98,0.41,UP
3.42,-7.78,0.61,UP
3.34,-7.69,0.74,UP
3.37,-7.76,0.76,UP
3.47,-7.99,0.69,UP
3.51,-8.33,0.52,UP
3.51,-8.56,0.31,UP
3.64,-8.67,0.27,UP
3.91,-9.05,0.18,UP
4.00,-9.31,-0.24,UP
4.07,-9.52,-0.30,UP
4.01,-9.82,-0.26,UP
3.83,-10.04,-0.12,UP
3.57,-10.25,0.07,UP
3.44,-10.37,0.00,UP
3.53,-10.39,-0.20,UP
3.70,-10.32,-0.46,UP
3.82,-10.25,-0.62,UP
3.80,-10.20,-0.57,UP
3.64,-10.14,-0.52,UP
3.41,-10.05,-0.44,UP
3.16,-9.93,-0.29,UP
2.94,-9.93,-0.18,UP
2.68,-10.02,-0.13,UP
2.50,-10.05,-0.23,UP
2.26,-9.98,-0.44,UP
2.13,-9.81,-0.79,UP
2.09,-9.60,-1.20,UP
1.98,-9.35,-1.60,UP
1.94,-9.22,-1.80,UP
2.06,-9.23,-1.58,UP
2.36,-9.54,-1.15,UP
2.49,-9.95,-0.94,UP
2.47,-10.38,-0.93,UP
2.37,-10.60,-1.01,UP
2.20,-10.68,-1.24,UP
1.89,-10.49,-1.55,UP
1.77,-10.30,-1.62,UP
1.50,-10.10,-1.56,UP
1.31,-10.09,-1.34,UP
1.27,-10.32,-0.88,UP
1.32,-10.52,-0.77,UP
1.49,-10.69,-0.86,UP
1.64,-10.69,-1.04,UP
1.81,-10.57,-1.35,UP
1.86,-10.37,-1.65,UP
1.80,-10.06,-1.95,UP
1.70,-9.70,-2.20,UP
1.65,-9.44,-2.32,UP
1.50,-9.21,-2.23,UP
1.44,-9.23,-2.02,UP
1.42,-9.34,-1.78,UP
1.43,-9.52,-1.47,UP
1.40,-9.72,-1.18,UP
1.35,-9.96,-0.99,UP
1.28,-10.21,-0.89,UP
1.28,-10.55,-0.79,UP
1.29,-10.76,-0.79,UP
1.38,-10.81,-0.91,UP
1.51,-10.76,-1.14,UP
1.57,-10.66,-1.44,UP
1.75,-10.29,-1.78,UP
1.95,-9.96,-1.91,UP
2.22,-9.65,-1.95,UP
2.50,-9.46,-1.92,UP
2.79,-9.52,-1.81,UP
2.98,-9.77,-1.79,UP
3.04,-10.20,-1.75,UP
2.94,-10.52,-1.77,UP
2.69,-10.64,-1.77,UP
2.49,-10.52,-1.71,UP
2.53,-10.26,-1.58,UP
2.71,-10.11,-1.58,UP
2.94,-10.10,-1.62,UP
3.23,-10.23,-1.61,UP
3.50,-10.51,-1.89,UP
3.21,-10.36,-2.43,UP
2.57,-9.67,-2.88,UP
2.44,-9.25,-2.85,UP
2.52,-8.96,-2.78,UP
2.68,-8.83,-2.65,UP
2.90,-8.96,-2.45,UP
3.12,-9.20,-2.19,UP
3.14,-9.24,-2.04,UP
3.03,-9.19,-1.86,UP
2.77,-9.12,-1.61,UP
2.81,-9.18,-1.29,UP
2.93,-9.23,-1.13,UP
2.94,-9.14,-0.54,UP
2.88,-9.10,-0.44,UP
2.83,-9.09,-0.44,UP
2.81,-9.04,-0.68,UP
2.97,-8.91,-1.06,UP
3.26,-8.81,-1.16,UP
3.62,-8.74,-1.19,UP
3.90,-8.70,-1.17,UP
4.02,-8.72,-1.20,UP
4.11,-9.00,-1.22,UP
4.18,-9.38,-1.14,UP
4.19,-9.82,-1.17,UP
4.18,-10.16,-1.44,UP
4.21,-10.50,-1.93,UP
10.33,0.11,-1.48,HORIZONTAL
10.32,0.06,-1.49,HORIZONTAL
10.12,-0.30,-0.61,HORIZONTAL
10.30,0.24,-0.39,HORIZONTAL
10.32,0.30,-0.61,HORIZONTAL
10.35,0.30,-0.76,HORIZONTAL
10.46,0.29,-0.81,HORIZONTAL
10.55,0.45,-0.91,HORIZONTAL
10.38,0.65,-0.83,HORIZONTAL
10.21,0.79,-0.81,HORIZONTAL
10.18,0.78,-0.78,HORIZONTAL
10.18,0.58,-0.66,HORIZONTAL
10.23,0.41,-0.52,HORIZONTAL
10.31,0.28,-0.40,HORIZONTAL
10.32,0.23,-0.41,HORIZONTAL
10.27,0.19,-0.48,HORIZONTAL
10.23,0.17,-0.56,HORIZONTAL
10.23,0.04,-0.51,HORIZONTAL
10.33,-0.09,-0.42,HORIZONTAL
10.41,-0.11,-0.27,HORIZONTAL
10.29,-0.01,-0.13,HORIZONTAL
10.09,0.17,-0.02,HORIZONTAL
9.99,0.51,-0.14,HORIZONTAL
9.97,0.71,-0.31,HORIZONTAL
10.02,0.79,-0.59,HORIZONTAL
10.02,0.76,-0.77,HORIZONTAL
9.96,0.53,-0.81,HORIZONTAL
9.93,0.24,-0.81,HORIZONTAL
9.96,0.22,-0.58,HORIZONTAL
9.96,0.33,-0.62,HORIZONTAL
9.96,0.40,-0.77,HORIZONTAL
10.10,0.40,-1.00,HORIZONTAL
10.32,0.28,-1.03,HORIZONTAL
10.29,0.04,-0.82,HORIZONTAL
10.21,0.02,-0.40,HORIZONTAL
10.37,0.08,-0.08,HORIZONTAL
10.61,0.28,-0.25,HORIZONTAL
10.65,0.43,-0.57,HORIZONTAL
10.58,0.55,-0.80,HORIZONTAL
10.47,0.58,-0.72,HORIZONTAL
10.36,0.68,-0.57,HORIZONTAL
10.26,0.68,-0.51,HORIZONTAL
10.13,0.62,-0.49,HORIZONTAL
10.09,0.53,-0.70,HORIZONTAL
10.08,0.46,-0.95,HORIZONTAL
10.06,0.47,-0.91,HORIZONTAL
10.14,0.50,-1.13,HORIZONTAL
10.35,0.45,-1.33,HORIZONTAL
10.62,0.40,-1.69,HORIZONTAL
10.77,0.34,-2.15,HORIZONTAL
10.67,0.27,-2.12,HORIZONTAL
10.61,0.36,-1.90,HORIZONTAL
10.45,0.62,-1.56,HORIZONTAL
10.46,0.80,-1.16,HORIZONTAL
10.74,0.76,-0.95,HORIZONTAL
11.09,0.56,-0.77,HORIZONTAL
11.16,0.50,-0.56,HORIZONTAL
11.04,0.69,-0.59,HORIZONTAL
10.75,0.87,-0.77,HORIZONTAL
10.43,0.94,-0.77,HORIZONTAL
10.09,0.94,-0.63,HORIZONTAL
9.94,0.92,-0.64,HORIZONTAL
9.87,0.79,-0.91,HORIZONTAL
9.92,0.58,-1.36,HORIZONTAL
10.05,0.45,-1.67,HORIZONTAL
10.07,0.35,-1.69,HORIZONTAL
10.10,0.32,-1.66,HORIZONTAL
10.14,0.36,-1.75,HORIZONTAL
10.18,0.38,-1.86,HORIZONTAL
10.22,0.48,-2.05,HORIZONTAL
10.06,0.73,-2.08,HORIZONTAL
9.81,0.92,-2.04,HORIZONTAL
9.52,0.95,-1.97,HORIZONTAL
9.39,0.85,-1.77,HORIZONTAL
9.28,0.72,-1.37,HORIZONTAL
9.20,0.61,-1.03,HORIZONTAL
9.22,0.63,-0.73,HORIZONTAL
9.41,0.74,-0.78,HORIZONTAL
9.56,0.74,-1.03,HORIZONTAL
9.75,0.66,-1.37,HORIZONTAL
9.89,0.65,-1.58,HORIZONTAL
10.01,0.57,-1.69,HORIZONTAL
10.13,0.36,-1.80,HORIZONTAL
10.22,0.32,-1.74,HORIZONTAL
10.11,0.51,-1.62,HORIZONTAL
9.95,0.63,-1.53,HORIZONTAL
9.84,0.71,-1.18,HORIZONTAL
9.71,0.93,-0.99,HORIZONTAL
9.50,1.11,-1.02,HORIZONTAL
9.49,1.04,-1.13,HORIZONTAL
9.60,0.93,-1.29,HORIZONTAL
9.67,0.87,-1.49,HORIZONTAL
9.79,0.91,-1.56,HORIZONTAL
9.88,1.01,-1.58,HORIZONTAL
9.93,1.13,-1.53,HORIZONTAL
9.91,1.23,-1.47,HORIZONTAL
9.87,1.38,-1.32,HORIZONTAL
9.96,1.40,-1.03,HORIZONTAL
10.09,1.30,-0.81,HORIZONTAL
10.10,1.31,-0.72,HORIZONTAL
10.09,1.30,-0.65,HORIZONTAL
10.08,1.23,-0.75,HORIZONTAL
10.12,1.07,-0.99,HORIZONTAL
10.19,0.91,-1.29,HORIZONTAL
10.24,0.79,-1.47,HORIZONTAL
10.27,0.87,-1.60,HORIZONTAL
10.25,1.08,-1.63,HORIZONTAL
10.19,1.19,-1.45,HORIZONTAL
10.13,1.23,-1.15,HORIZONTAL
10.07,1.16,-0.76,HORIZONTAL
10.04,1.19,-0.51,HORIZONTAL
10.02,1.28,-0.42,HORIZONTAL
9.96,1.33,-0.49,HORIZONTAL
9.97,1.23,-0.79,HORIZONTAL
10.06,1.13,-0.87,HORIZONTAL
10.21,1.02,-0.95,HORIZONTAL
10.35,0.96,-0.92,HORIZONTAL
10.46,1.04,-0.81,HORIZONTAL
10.63,1.20,-0.69,HORIZONTAL
10.73,1.24,-0.57,HORIZONTAL
10.66,1.30,-0.44,HORIZONTAL
10.38,1.35,-0.49,HORIZONTAL
10.06,1.39,-0.55,HORIZONTAL
9.86,1.38,-0.45,HORIZONTAL
9.80,1.36,-0.34,HORIZONTAL
9.84,1.31,-0.37,HORIZONTAL
10.03,1.24,-0.47,HORIZONTAL
10.17,1.21,-0.53,HORIZONTAL
10.21,1.11,-0.69,HORIZONTAL
10.33,0.98,-0.95,HORIZONTAL
10.32,0.94,-1.09,HORIZONTAL
10.26,0.94,-1.26,HORIZONTAL
10.12,0.90,-1.34,HORIZONTAL
10.00,0.99,-1.27,HORIZONTAL
9.89,1.05,-1.16,HORIZONTAL
9.85,1.13,-1.03,HORIZONTAL
9.79,1.22,-0.91,HORIZONTAL
9.67,1.38,-0.78,HORIZONTAL
9.63,1.35,-0.57,HORIZONTAL
9.67,1.23,-0.31,HORIZONTAL
9.85,1.04,-0.25,HORIZONTAL
10.16,0.89,-0.43,HORIZONTAL
10.32,0.91,-0.68,HORIZONTAL
10.19,1.10,-0.70,HORIZONTAL
10.22,1.11,-0.79,HORIZONTAL
10.72,0.78,-1.87,HORIZONTAL
10.91,0.70,-2.54,HORIZONTAL
10.64,0.81,-2.26,HORIZONTAL
10.06,0.95,-1.52,HORIZONTAL
11.38,1.14,-1.42,HORIZONTAL
10.19,0.52,-0.91,HORIZONTAL
10.17,0.86,0.27,HORIZONTAL
10.13,0.91,0.09,HORIZONTAL
9.98,0.92,-0.21,HORIZONTAL
9.77,1.10,-0.04,HORIZONTAL
9.69,1.70,0.62,HORIZONTAL
9.65,2.00,1.12,HORIZONTAL
9.72,1.73,1.22,HORIZONTAL
10.14,0.93,0.91,HORIZONTAL
10.66,0.69,0.48,HORIZONTAL
10.91,0.78,0.11,HORIZONTAL
10.79,0.87,-0.41,HORIZONTAL
10.66,0.77,-1.05,HORIZONTAL
10.84,0.60,-1.42,HORIZONTAL
11.04,0.59,-1.57,HORIZONTAL
10.67,0.83,-1.26,HORIZONTAL
10.25,1.00,-0.79,HORIZONTAL
10.08,1.02,-0.54,HORIZONTAL
10.23,0.78,-0.43,HORIZONTAL
10.25,0.84,-0.56,HORIZONTAL
10.30,0.91,-0.53,HORIZONTAL
10.28,-1.41,0.26,HORIZONTAL
10.53,-2.41,0.78,HORIZONTAL
10.40,-0.80,0.56,HORIZONTAL
9.87,0.76,1.01,HORIZONTAL
10.08,1.64,0.68,HORIZONTAL
11.65,1.19,1.13,HORIZONTAL
12.22,-0.04,0.33,HORIZONTAL
10.36,0.44,-0.43,HORIZONTAL
9.01,1.67,-0.89,HORIZONTAL
8.59,2.69,-1.13,HORIZONTAL
8.41,3.11,-1.09,HORIZONTAL
8.37,2.54,-0.70,HORIZONTAL
8.78,1.93,-0.52,HORIZONTAL
9.46,1.55,-0.65,HORIZONTAL
10.00,1.25,-0.99,HORIZONTAL
10.23,1.17,-1.41,HORIZONTAL
10.33,1.12,-1.76,HORIZONTAL
10.15,1.10,-2.28,HORIZONTAL
9.82,1.02,-2.80,HORIZONTAL
9.73,0.91,-3.12,HORIZONTAL
9.87,0.75,-3.16,HORIZONTAL
10.26,0.40,-2.79,HORIZONTAL
10.57,0.14,-2.26,HORIZONTAL
10.68,0.11,-1.95,HORIZONTAL
10.77,0.25,-1.40,HORIZONTAL
11.27,-0.09,0.16,HORIZONTAL
11.08,0.33,0.58,HORIZONTAL
10.66,0.80,-0.15,HORIZONTAL
10.35,0.87,-0.85,HORIZONTAL
9.99,0.74,-1.11,HORIZONTAL
9.71,0.74,-1.02,HORIZONTAL
9.72,0.87,-1.05,HORIZONTAL
9.75,1.05,-1.07,HORIZONTAL
9.70,1.17,-1.06,HORIZONTAL
9.65,1.22,-1.13,HORIZONTAL
9.65,1.21,-1.24,HORIZONTAL
9.69,1.14,-1.43,HORIZONTAL
9.70,1.05,-1.72,HORIZONTAL
9.75,0.94,-1.91,HORIZONTAL
9.94,0.80,-1.94,HORIZONTAL
10.07,0.82,-1.84,HORIZONTAL
10.07,1.03,-1.67,HORIZONTAL
10.07,1.24,-1.56,HORIZONTAL
9.94,1.35,-1.46,HORIZONTAL
9.77,1.34,-1.40,HORIZONTAL
9.62,1.19,-1.47,HORIZONTAL
9.64,1.02,-1.69,HORIZONTAL
9.80,0.98,-1.81,HORIZONTAL
10.02,1.13,-1.83,HORIZONTAL
10.12,1.32,-1.77,HORIZONTAL
10.10,1.36,-1.66,HORIZONTAL
10.09,1.32,-1.55,HORIZONTAL
10.20,1.15,-1.48,HORIZONTAL
10.48,0.85,-1.45,HORIZONTAL
10.67,0.66,-1.36,HORIZONTAL
10.69,0.59,-1.25,HORIZONTAL
10.64,0.57,-1.24,HORIZONTAL
10.65,0.54,-1.13,HORIZONTAL
10.55,0.55,-0.94,HORIZONTAL
10.34,0.54,-1.01,HORIZONTAL
10.20,0.47,-1.28,HORIZONTAL
10.04,0.36,-1.49,HORIZONTAL
9.93,0.20,-1.42,HORIZONTAL
10.07,0.17,-1.14,HORIZONTAL
10.15,0.42,-0.88,HORIZONTAL
10.07,0.63,-0.79,HORIZONTAL
9.98,0.65,-0.90,HORIZONTAL
9.97,0.48,-1.00,HORIZONTAL
10.03,0.21,-0.90,HORIZONTAL
10.17,-0.07,-0.81,HORIZONTAL
10.33,-0.24,-0.76,HORIZONTAL
10.45,-0.09,-0.75,HORIZONTAL
10.58,0.23,-0.76,HORIZONTAL
10.72,0.57,-0.84,HORIZONTAL
10.66,0.77,-0.91,HORIZONTAL
10.48,0.87,-0.96,HORIZONTAL
10.28,0.87,-0.90,HORIZONTAL
10.00,0.66,-0.85,HORIZONTAL
9.77,0.26,-0.82,HORIZONTAL
9.77,-0.16,-0.86,HORIZONTAL
9.84,-0.51,-0.79,HORIZONTAL
9.87,-0.73,-0.64,HORIZONTAL
9.92,-0.65,-0.56,HORIZONTAL
10.01,-0.24,-0.50,HORIZONTAL
10.08,0.07,-0.52,HORIZONTAL
10.12,0.25,-0.63,HORIZONTAL
10.12,0.33,-0.83,HORIZONTAL
10.13,0.30,-0.93,HORIZONTAL
10.21,0.09,-0.88,HORIZONTAL
10.33,-0.18,-0.76,HORIZONTAL
10.56,-0.49,-0.62,HORIZONTAL
10.78,-0.74,-0.39,HORIZONTAL
10.84,-0.76,-0.07,HORIZONTAL
10.59,-0.68,0.12,HORIZONTAL
10.19,-0.46,0.12,HORIZONTAL
9.97,-0.29,-0.08,HORIZONTAL
9.89,-0.32,-0.32,HORIZONTAL
10.00,-0.42,-0.46,HORIZONTAL
10.19,-0.42,-0.43,HORIZONTAL
10.25,-0.35,-0.35,HORIZONTAL
10.19,-0.20,-0.35,HORIZONTAL
10.15,-0.10,-0.40,HORIZONTAL
10.16,-0.11,-0.53,HORIZONTAL
10.18,-0.16,-0.67,HORIZONTAL
10.30,-0.23,-0.69,HORIZONTAL
10.45,-0.35,-0.55,HORIZONTAL
10.50,-0.51,-0.34,HORIZONTAL
10.47,-0.55,-0.34,HORIZONTAL
10.44,-0.47,-0.64,HORIZONTAL
10.39,-0.39,-0.70,HORIZONTAL
10.34,-0.30,-0.60,HORIZONTAL
10.32,-0.16,-0.66,HORIZONTAL
10.27,-0.08,-0.64,HORIZONTAL
10.17,-0.02,-0.53,HORIZONTAL
10.09,0.00,-0.47,HORIZONTAL
10.15,0.11,-0.60,HORIZONTAL
10.16,0.28,-0.71,HORIZONTAL
10.13,0.34,-0.77,HORIZONTAL
10.08,0.32,-0.87,HORIZONTAL
9.99,0.22,-0.86,HORIZONTAL
9.93,0.06,-0.81,HORIZONTAL
10.01,-0.14,-0.29,HORIZONTAL
10.23,-0.08,-0.45,HORIZONTAL
10.42,-0.03,-0.85,HORIZONTAL
10.70,0.01,-1.16,HORIZONTAL
10.86,-0.06,-1.17,HORIZONTAL
10.86,-0.14,-1.02,HORIZONTAL
10.71,-0.25,-0.82,HORIZONTAL
10.43,-0.32,-0.79,HORIZONTAL
10.12,-0.41,-0.86,HORIZONTAL
9.95,-0.41,-0.91,HORIZONTAL
9.73,-0.35,-1.05,HORIZONTAL
9.63,-0.34,-1.15,HORIZONTAL
9.75,-0.36,-1.15,HORIZONTAL
9.99,-0.32,-1.07,HORIZONTAL
10.52,0.03,-0.93,HORIZONTAL
10.67,0.30,-1.10,HORIZONTAL
10.69,0.40,-1.15,HORIZONTAL
10.58,0.50,-1.20,HORIZONTAL
10.44,0.44,-1.23,HORIZONTAL
10.34,0.22,-1.24,HORIZONTAL
10.30,-0.10,-1.25,HORIZONTAL
10.30,-0.32,-1.32,HORIZONTAL
10.25,-0.43,-1.31,HORIZONTAL
10.16,-0.30,-1.20,HORIZONTAL
10.08,-0.00,-1.10,HORIZONTAL
9.90,0.25,-0.98,HORIZONTAL
9.58,0.35,-1.08,HORIZONTAL
9.38,0.38,-1.21,HORIZONTAL
9.12,0.45,-1.38,HORIZONTAL
9.03,0.52,-1.43,HORIZONTAL
9.13,0.54,-1.48,HORIZONTAL
9.29,0.45,-1.50,HORIZONTAL
9.60,0.34,-1.49,HORIZONTAL
9.98,0.32,-1.44,HORIZONTAL
10.32,0.36,-1.36,HORIZONTAL
10.68,0.43,-1.14,HORIZONTAL
10.77,0.48,-0.81,HORIZONTAL
11.18,-0.23,1.01,HORIZONTAL
10.50,-0.11,0.64,HORIZONTAL
10.28,0.18,-0.08,HORIZONTAL
10.35,0.43,-0.95,HORIZONTAL
10.14,0.25,-1.47,HORIZONTAL
9.90,0.12,-1.79,HORIZONTAL
9.84,0.13,-2.02,HORIZONTAL
9.96,0.19,-2.08,HORIZONTAL
10.25,0.28,-1.87,HORIZONTAL
10.48,0.33,-1.37,HORIZONTAL
10.58,0.31,-1.02,HORIZONTAL
10.71,0.29,-0.70,HORIZONTAL
10.68,0.25,-0.53,HORIZONTAL
10.55,0.29,-0.47,HORIZONTAL
10.26,0.39,-0.74,HORIZONTAL
10.27,0.22,-1.30,HORIZONTAL
10.26,0.16,-2.09,HORIZONTAL
10.10,0.09,-2.40,HORIZONTAL
10.01,0.01,-2.21,HORIZONTAL
10.03,0.03,-1.98,HORIZONTAL
10.06,0.08,-1.78,HORIZONTAL
10.21,0.11,-1.67,HORIZONTAL
10.47,0.11,-1.67,HORIZONTAL
10.59,0.01,-1.84,HORIZONTAL
10.51,-0.21,-1.72,HORIZONTAL
10.40,-0.24,-1.43,HORIZONTAL
10.33,-0.11,-1.29,HORIZONTAL
10.26,0.15,-1.19,HORIZONTAL
10.25,0.14,-1.11,HORIZONTAL
10.31,0.24,-1.27,HORIZONTAL
10.34,0.68,-1.59,HORIZONTAL
10.24,1.02,-1.75,HORIZONTAL
10.15,1.24,-2.03,HORIZONTAL
10.07,1.24,-2.11,HORIZONTAL
9.96,1.25,-1.72,HORIZONTAL
10.04,1.33,-1.22,HORIZONTAL
10.35,1.25,-0.78,HORIZONTAL
10.60,1.15,-0.63,HORIZONTAL
10.75,0.86,-0.52,HORIZONTAL
10.74,0.66,-0.56,HORIZONTAL
10.67,0.46,-0.86,HORIZONTAL
10.52,0.68,-1.78,HORIZONTAL
9.97,1.07,-2.75,HORIZONTAL
9.49,1.52,-3.15,HORIZONTAL
9.49,1.70,-2.94,HORIZONTAL
9.91,1.88,-2.17,HORIZONTAL
10.40,1.78,-1.44,HORIZONTAL
10.73,1.36,-1.13,HORIZONTAL
10.85,0.98,-1.37,HORIZONTAL
10.72,0.73,-1.57,HORIZONTAL
10.41,0.56,-1.82,HORIZONTAL
10.18,0.57,-1.81,HORIZONTAL
10.12,0.64,-1.67,HORIZONTAL
10.01,1.02,-1.72,HORIZONTAL
9.94,1.36,-1.38,HORIZONTAL
10.11,1.59,-1.33,HORIZONTAL
10.36,1.87,-1.58,HORIZONTAL
10.43,1.92,-1.91,HORIZONTAL
10.41,1.85,-2.13,HORIZONTAL
10.37,1.70,-2.31,HORIZONTAL
10.28,1.58,-2.23,HORIZONTAL
10.18,1.40,-1.90,HORIZONTAL
10.06,1.21,-1.58,HORIZONTAL
10.02,0.95,-1.30,HORIZONTAL
10.06,0.84,-1.19,HORIZONTAL
10.08,0.75,-1.17,HORIZONTAL
10.05,0.61,-1.32,HORIZONTAL
10.01,0.53,-1.34,HORIZONTAL
9.97,0.49,-1.27,HORIZONTAL
9.87,0.73,-1.38,HORIZONTAL
9.83,1.00,-1.64,HORIZONTAL
9.88,1.25,-1.83,HORIZONTAL
9.86,1.47,-1.80,HORIZONTAL
9.81,1.73,-1.69,HORIZONTAL
9.99,1.91,-1.47,HORIZONTAL
10.11,1.86,-1.11,HORIZONTAL
10.05,1.82,-0.71,HORIZONTAL
10.00,1.74,-0.39,HORIZONTAL
10.03,1.61,-0.19,HORIZONTAL
10.01,1.54,-0.08,HORIZONTAL
10.06,1.57,-0.03,HORIZONTAL
10.04,1.75,-0.18,HORIZONTAL
10.04,1.88,-0.52,HORIZONTAL
10.02,1.77,-0.85,HORIZONTAL
10.07,1.36,-0.97,HORIZONTAL
10.10,1.16,-1.23,HORIZONTAL
10.03,1.11,-1.35,HORIZONTAL
9.93,1.03,-1.24,HORIZONTAL
9.93,0.85,-0.93,HORIZONTAL
9.88,0.80,-0.89,HORIZONTAL
9.87,0.81,-0.84,HORIZONTAL
10.04,0.88,-0.99,HORIZONTAL
10.15,1.01,-1.13,HORIZONTAL
10.33,1.36,-1.25,HORIZONTAL
10.41,1.52,-0.91,HORIZONTAL
10.31,1.28,-0.82,HORIZONTAL
10.20,0.92,-1.12,HORIZONTAL
10.25,0.63,-1.51,HORIZONTAL
10.26,0.49,-1.69,HORIZONTAL
10.25,0.50,-1.67,HORIZONTAL
10.18,0.60,-1.39,HORIZONTAL
10.15,0.68,-1.20,HORIZONTAL
10.08,0.79,-0.96,HORIZONTAL
10.00,0.92,-0.91,HORIZONTAL
10.05,1.08,-0.87,HORIZONTAL
10.07,1.24,-0.81,HORIZONTAL
10.17,1.25,-0.76,HORIZONTAL
9.95,1.44,-0.99,HORIZONTAL
9.93,1.36,-0.98,HORIZONTAL
9.85,1.22,-0.90,HORIZONTAL
9.69,1.13,-1.02,HORIZONTAL
9.50,1.06,-1.09,HORIZONTAL
9.67,1.16,-0.90,HORIZONTAL
9.85,1.32,-0.98,HORIZONTAL
9.78,1.39,-1.29,HORIZONTAL
9.85,1.11,-1.48,HORIZONTAL
9.93,0.95,-1.39,HORIZONTAL
10.09,0.88,-1.18,HORIZONTAL
10.18,1.00,-1.01,HORIZONTAL
10.18,1.21,-0.92,HORIZONTAL
10.11,1.36,-0.96,HORIZONTAL
10.03,1.36,-0.89,HORIZONTAL
9.92,1.34,-0.82,HORIZONTAL
9.81,1.39,-0.79,HORIZONTAL
9.80,1.40,-0.80,HORIZONTAL
9.76,1.49,-1.01,HORIZONTAL
9.96,1.37,-1.19,HORIZONTAL
10.16,1.15,-1.04,HORIZONTAL
10.28,1.08,-0.88,HORIZONTAL
10.32,1.14,-0.76,HORIZONTAL
10.35,1.14,-0.79,HORIZONTAL
10.39,1.02,-1.01,HORIZONTAL
10.34,0.87,-1.19,HORIZONTAL
10.29,0.81,-1.28,HORIZONTAL
10.20,0.81,-1.30,HORIZONTAL
10.17,0.77,-1.29,HORIZONTAL
10.20,0.67,-1.26,HORIZONTAL
10.24,0.55,-1.31,HORIZONTAL
10.27,0.51,-1.43,HORIZONTAL
10.27,0.59,-1.46,HORIZONTAL
10.29,0.67,-1.47,HORIZONTAL
10.35,0.69,-1.58,HORIZONTAL
10.41,0.72,-1.73,HORIZONTAL
10.43,0.72,-1.87,HORIZONTAL
10.45,0.72,-1.81,HORIZONTAL
10.44,0.69,-1.80,HORIZONTAL
10.38,0.64,-1.79,HORIZONTAL
10.33,0.56,-1.78,HORIZONTAL
10.22,0.43,-1.86,HORIZONTAL
10.14,0.34,-1.95,HORIZONTAL
10.13,0.25,-2.06,HORIZONTAL
10.14,0.23,-2.13,HORIZONTAL
10.08,0.37,-2.07,HORIZONTAL
10.01,0.41,-1.98,HORIZONTAL
10.08,0.45,-1.90,HORIZONTAL
10.22,0.57,-1.75,HORIZONTAL
10.36,0.62,-1.75,HORIZONTAL
10.43,0.65,-1.83,HORIZONTAL
10.42,0.71,-1.89,HORIZONTAL
10.52,0.67,-1.94,HORIZONTAL
10.59,0.45,-2.00,HORIZONTAL
10.35,0.45,-1.99,HORIZONTAL
10.27,0.43,-1.96,HORIZONTAL
10.32,0.30,-2.02,HORIZONTAL
10.16,0.32,-2.04,HORIZONTAL
10.13,0.30,-2.17,HORIZONTAL
10.23,0.23,-2.34,HORIZONTAL
10.40,0.23,-2.42,HORIZONTAL
10.45,0.31,-2.40,HORIZONTAL
10.54,0.16,-1.99,HORIZONTAL
10.41,0.73,-1.95,HORIZONTAL
10.34,0.76,-1.70,HORIZONTAL
10.10,0.45,-1.76,HORIZONTAL
10.17,0.07,-1.91,HORIZONTAL
10.16,-0.21,-1.96,HORIZONTAL
10.13,-0.28,-1.90,HORIZONTAL
10.44,-0.51,-1.76,HORIZONTAL
10.17,-0.18,-1.41,HORIZONTAL
9.91,0.24,-1.55,HORIZONTAL
10.00,0.42,-1.71,HORIZONTAL
9.88,0.38,-1.14,HORIZONTAL
9.77,0.08,-1.03,HORIZONTAL
9.99,0.17,-1.24,HORIZONTAL
10.27,0.54,-1.69,HORIZONTAL
10.42,0.54,-2.13,HORIZONTAL
10.29,0.52,-2.27,HORIZONTAL
10.17,0.53,-2.17,HORIZONTAL
10.11,0.57,-2.08,HORIZONTAL
9.95,0.74,-1.89,HORIZONTAL
9.49,1.01,-1.89,HORIZONTAL
9.47,0.81,-2.19,HORIZONTAL
9.60,0.51,-2.23,HORIZONTAL
9.80,0.34,-2.23,HORIZONTAL
9.90,0.15,-2.10,HORIZONTAL
9.96,0.16,-2.01,HORIZONTAL
10.13,0.16,-2.15,HORIZONTAL
10.20,0.10,-2.20,HORIZONTAL
10.28,0.06,-2.12,HORIZONTAL
10.69,-0.01,-1.79,HORIZONTAL
10.89,0.09,-1.43,HORIZONTAL
10.89,0.15,-1.09,HORIZONTAL
10.63,0.13,-1.09,HORIZONTAL
10.27,0.28,-1.38,HORIZONTAL
10.06,0.38,-1.86,HORIZONTAL
10.00,0.48,-2.25,HORIZONTAL
10.08,0.46,-2.41,HORIZONTAL
10.21,0.68,-2.47,HORIZONTAL
10.16,0.95,-2.02,HORIZONTAL
10.10,0.91,-1.92,HORIZONTAL
10.02,0.93,-2.11,HORIZONTAL
9.84,0.90,-2.48,HORIZONTAL
9.69,0.86,-2.69,HORIZONTAL
9.52,0.85,-3.07,HORIZONTAL
9.45,0.91,-3.44,HORIZONTAL
9.58,1.05,-3.54,HORIZONTAL
9.72,1.19,-3.38,HORIZONTAL
9.89,1.21,-3.17,HORIZONTAL
9.98,1.09,-2.96,HORIZONTAL
9.99,0.89,-2.89,HORIZONTAL
9.97,0.57,-2.81,HORIZONTAL
9.97,0.47,-2.64,HORIZONTAL
10.12,0.34,-2.39,HORIZONTAL
10.28,0.30,-2.15,HORIZONTAL
10.34,0.30,-1.99,HORIZONTAL
10.38,0.30,-2.05,HORIZONTAL
10.36,0.41,-2.29,HORIZONTAL
10.25,0.60,-2.49,HORIZONTAL
10.01,0.80,-2.60,HORIZONTAL
9.84,1.03,-2.62,HORIZONTAL
9.87,1.16,-2.56,HORIZONTAL
10.02,1.26,-2.50,HORIZONTAL
10.09,1.18,-2.53,HORIZONTAL
10.20,0.87,-2.59,HORIZONTAL
10.36,0.50,-2.59,HORIZONTAL
10.52,0.22,-2.46,HORIZONTAL
10.64,0.06,-2.24,HORIZONTAL
10.62,0.03,-1.94,HORIZONTAL
10.56,0.06,-1.92,HORIZONTAL
10.45,0.22,-2.10,HORIZONTAL
10.31,0.45,-2.31,HORIZONTAL
10.15,0.49,-2.31,HORIZONTAL
10.12,0.45,-2.37,HORIZONTAL
10.12,0.43,-2.33,HORIZONTAL
10.10,0.34,-2.10,HORIZONTAL
10.21,0.11,-2.05,HORIZONTAL
10.30,0.01,-2.03,HORIZONTAL
10.35,-0.06,-2.01,HORIZONTAL
10.25,-0.18,-1.92,HORIZONTAL
10.14,-0.44,-1.87,HORIZONTAL
10.19,-0.66,-1.87,HORIZONTAL
10.21,-0.69,-1.82,HORIZONTAL
10.30,-0.47,-1.88,HORIZONTAL
10.41,-0.21,-1.70,HORIZONTAL
10.54,-0.05,-1.43,HORIZONTAL
10.51,0.04,-1.23,HORIZONTAL
10.44,0.02,-1.34,HORIZONTAL
10.41,-0.01,-1.54,HORIZONTAL
10.29,-0.01,-1.84,HORIZONTAL
10.05,0.08,-1.88,HORIZONTAL
9.87,0.09,-1.98,HORIZONTAL
9.82,0.07,-2.18,HORIZONTAL
9.75,0.11,-2.21,HORIZONTAL
9.82,0.17,-2.30,HORIZONTAL
10.00,0.07,-2.39,HORIZONTAL
10.06,-0.07,-2.40,HORIZONTAL
10.05,-0.32,-2.40,HORIZONTAL
10.09,-0.56,-2.41,HORIZONTAL
10.04,-0.64,-2.21,HORIZONTAL
10.01,-0.65,-1.86,HORIZONTAL
10.18,-0.63,-1.64,HORIZONTAL
10.35,-0.56,-1.36,HORIZONTAL
10.44,-0.52,-1.30,HORIZONTAL
10.41,-0.38,-1.53,HORIZONTAL
10.30,-0.11,-1.93,HORIZONTAL
10.12,0.09,-2.30,HORIZONTAL
10.05,0.06,-2.56,HORIZONTAL
10.17,-0.12,-2.35,HORIZONTAL
10.23,-0.25,-2.20,HORIZONTAL
10.34,-0.30,-1.98,HORIZONTAL
10.50,-0.34,-1.58,HORIZONTAL
10.60,-0.56,-1.23,HORIZONTAL
10.54,-0.79,-1.07,HORIZONTAL
10.37,-0.81,-1.18,HORIZONTAL
10.20,-0.71,-1.27,HORIZONTAL
10.08,-0.74,-1.25,HORIZONTAL
10.03,-0.79,-1.22,HORIZONTAL
10.11,-0.74,-1.29,HORIZONTAL
10.28,-0.64,-1.46,HORIZONTAL
9.96,-0.42,-1.18,HORIZONTAL
9.99,-0.73,-0.91,HORIZONTAL
10.08,-1.04,-0.65,HORIZONTAL
10.19,-1.21,-0.59,HORIZONTAL
10.24,-1.16,-0.65,HORIZONTAL
10.29,-1.02,-0.82,HORIZONTAL
10.36,-0.80,-1.06,HORIZONTAL
10.26,-0.47,-1.09,HORIZONTAL
9.99,-0.33,-1.29,HORIZONTAL
9.88,-0.25,-1.37,HORIZONTAL
9.84,-0.13,-1.53,HORIZONTAL
9.96,-0.08,-1.60,HORIZONTAL
9.97,-0.08,-1.57,HORIZONTAL
10.01,-0.25,-1.39,HORIZONTAL
10.01,-0.55,-1.19,HORIZONTAL
9.81,-0.84,-1.14,HORIZONTAL
9.65,-1.02,-1.18,HORIZONTAL
9.56,-1.03,-1.13,HORIZONTAL
9.58,-0.86,-0.99,HORIZONTAL
9.77,-0.59,-0.74,HORIZONTAL
10.14,-0.43,-0.70,HORIZONTAL
10.44,-0.35,-0.92,HORIZONTAL
10.60,-0.33,-1.14,HORIZONTAL
10.74,-0.30,-1.35,HORIZONTAL
10.78,-0.28,-1.32,HORIZONTAL
10.74,-0.34,-1.24,HORIZONTAL
10.67,-0.44,-1.21,HORIZONTAL
10.46,-0.51,-1.14,HORIZONTAL
10.15,-0.55,-1.12,HORIZONTAL
9.80,-0.60,-1.07,HORIZONTAL
9.50,-0.65,-0.88,HORIZONTAL
9.39,-0.80,-0.80,HORIZONTAL
9.40,-1.19,-1.02,HORIZONTAL
9.58,-1.34,-1.16,HORIZONTAL
9.89,-1.34,-1.02,HORIZONTAL
10.09,-1.26,-0.85,HORIZONTAL
10.36,-1.01,-0.89,HORIZONTAL
10.54,-0.76,-0.99,HORIZONTAL
10.62,-0.73,-0.95,HORIZONTAL
10.59,-0.81,-1.06,HORIZONTAL
10.41,-1.03,-1.22,HORIZONTAL
10.34,-1.48,-1.30,HORIZONTAL
10.35,-1.76,-1.32,HORIZONTAL
10.29,-1.92,-1.11,HORIZONTAL
10.37,-1.56,-0.79,HORIZONTAL
10.55,-1.07,-0.36,HORIZONTAL
10.69,-0.77,-0.10,HORIZONTAL
10.67,-0.97,-0.15,HORIZONTAL
10.62,-1.34,-0.42,HORIZONTAL
10.58,-1.56,-0.61,HORIZONTAL
10.67,-1.68,-0.49,HORIZONTAL
10.70,-1.70,0.23,HORIZONTAL
10.58,-1.86,0.83,HORIZONTAL
10.52,-2.05,0.79,HORIZONTAL
10.41,-2.01,0.56,HORIZONTAL
10.27,-1.89,0.32,HORIZONTAL
10.45,-1.73,-0.02,HORIZONTAL
10.59,-1.55,-0.18,HORIZONTAL
10.41,-1.15,0.18,HORIZONTAL
10.00,-0.68,0.60,HORIZONTAL
9.63,-0.69,0.34,HORIZONTAL
9.55,-0.93,-0.48,HORIZONTAL
9.56,-1.07,-0.98,HORIZONTAL
9.56,-1.02,-0.81,HORIZONTAL
9.71,-0.71,-0.58,HORIZONTAL
9.94,-0.51,-0.82,HORIZONTAL
10.17,-0.53,-1.14,HORIZONTAL
10.40,-0.60,-1.29,HORIZONTAL
10.50,-0.58,-1.13,HORIZONTAL
10.40,-0.67,-0.71,HORIZONTAL
10.51,-0.90,-0.57,HORIZONTAL
10.59,-1.08,-0.62,HORIZONTAL
10.65,-1.33,-0.53,HORIZONTAL
10.72,-1.40,-0.51,HORIZONTAL
10.78,-1.30,-0.53,HORIZONTAL
10.65,-1.32,-0.60,HORIZONTAL
10.54,-1.47,-0.63,HORIZONTAL
10.62,-1.54,-0.87,HORIZONTAL
10.67,-1.48,-1.04,HORIZONTAL
10.54,-1.31,-1.06,HORIZONTAL
10.35,-1.09,-1.29,HORIZONTAL
10.34,-0.81,-1.81,HORIZONTAL
10.08,-0.68,-2.01,HORIZONTAL
9.89,-0.81,-1.80,HORIZONTAL
10.01,-0.85,-1.69,HORIZONTAL
10.08,-0.79,-1.36,HORIZONTAL
9.99,-0.84,-0.87,HORIZONTAL
9.97,-0.92,-0.49,HORIZONTAL
10.11,-0.69,-0.45,HORIZONTAL
10.10,-0.46,-0.47,HORIZONTAL
10.07,-0.54,-0.48,HORIZONTAL
10.11,-0.75,-0.46,HORIZONTAL
10.15,-0.82,-0.63,HORIZONTAL
10.13,-0.86,-0.71,HORIZONTAL
10.12,-0.85,-0.73,HORIZONTAL
10.09,-0.69,-0.79,HORIZONTAL
9.97,-0.51,-0.77,HORIZONTAL
9.92,-0.40,-0.85,HORIZONTAL
10.16,-0.16,-1.07,HORIZONTAL
10.23,0.14,-1.05,HORIZONTAL
10.14,0.18,-1.07,HORIZONTAL
10.15,0.06,-1.13,HORIZONTAL
10.21,-0.12,-1.13,HORIZONTAL
10.16,-0.28,-1.15,HORIZONTAL
10.02,-0.36,-1.13,HORIZONTAL
9.91,-0.33,-1.01,HORIZONTAL
9.90,-0.20,-0.96,HORIZONTAL
9.87,0.00,-0.87,HORIZONTAL
9.82,0.09,-0.72,HORIZONTAL
9.86,0.22,-0.58,HORIZONTAL
9.92,0.24,-0.66,HORIZONTAL
9.88,0.01,-0.92,HORIZONTAL
9.91,-0.29,-1.11,HORIZONTAL
10.11,-0.30,-0.98,HORIZONTAL
10.03,-0.20,-0.60,HORIZONTAL
9.81,-0.15,-0.19,HORIZONTAL
9.73,-0.20,-0.11,HORIZONTAL
9.74,-0.31,-0.12,HORIZONTAL
9.85,-0.49,-0.32,HORIZONTAL
10.00,-0.63,-0.58,HORIZONTAL
9.96,-0.68,-0.58,HORIZONTAL
9.84,-0.66,-0.41,HORIZONTAL
9.84,-0.34,-0.27,HORIZONTAL
9.84,0.04,-0.43,HORIZONTAL
9.77,0.54,-0.86,HORIZONTAL
9.80,0.81,-1.31,HORIZONTAL
9.86,0.93,-1.46,HORIZONTAL
9.85,1.06,-1.34,HORIZONTAL
9.75,1.01,-1.17,HORIZONTAL
9.79,0.95,-1.13,HORIZONTAL
9.83,0.85,-1.13,HORIZONTAL
9.87,0.71,-1.07,HORIZONTAL
9.96,0.36,-0.88,HORIZONTAL
10.10,0.06,-0.56,HORIZONTAL
10.16,-0.28,-0.33,HORIZONTAL
10.31,-0.72,-0.25,HORIZONTAL
10.46,-0.99,-0.25,HORIZONTAL
10.46,-1.10,-0.23,HORIZONTAL
10.43,-1.10,-0.09,HORIZONTAL
10.45,-0.83,0.07,HORIZONTAL
10.46,-0.42,-0.18,HORIZONTAL
10.40,-0.22,-0.49,HORIZONTAL
10.50,-0.20,-0.63,HORIZONTAL
10.62,-0.08,-0.72,HORIZONTAL
10.68,0.10,-0.78,HORIZONTAL
10.66,0.25,-0.75,HORIZONTAL
10.51,0.42,-0.66,HORIZONTAL
10.36,0.45,-0.72,HORIZONTAL
10.22,0.28,-0.60,HORIZONTAL
10.20,0.04,-0.45,HORIZONTAL
10.23,-0.13,-0.42,HORIZONTAL
10.14,-0.14,-0.53,HORIZONTAL
10.10,-0.18,-0.59,HORIZONTAL
10.01,-0.11,-0.45,HORIZONTAL
9.67,0.11,-0.28,HORIZONTAL
9.36,0.28,-0.14,HORIZONTAL
9.04,0.52,0.15,HORIZONTAL
9.08,0.44,-0.30,HORIZONTAL
9.26,0.26,-0.74,HORIZONTAL
9.68,0.09,-0.72,HORIZONTAL
10.07,-0.00,-0.62,HORIZONTAL
10.33,-0.18,-0.81,HORIZONTAL
10.62,-0.49,-1.18,HORIZONTAL
10.88,-0.71,-1.31,HORIZONTAL
11.08,-0.71,-1.31,HORIZONTAL
11.03,-0.56,-1.15,HORIZONTAL
10.65,-0.47,-0.78,HORIZONTAL
10.42,-0.39,-0.42,HORIZONTAL
10.33,-0.29,-0.36,HORIZONTAL
10.26,-0.14,-0.24,HORIZONTAL
10.24,0.05,-0.14,HORIZONTAL
10.33,0.23,-0.45,HORIZONTAL
10.26,0.32,-0.81,HORIZONTAL
10.27,0.29,-0.96,HORIZONTAL
10.28,0.05,-0.88,HORIZONTAL
10.17,-0.46,-0.58,HORIZONTAL
10.16,-0.86,-0.24,HORIZONTAL
10.27,-0.94,-0.07,HORIZONTAL
10.33,-1.01,-0.01,HORIZONTAL
10.58,-0.98,-0.30,HORIZONTAL
10.75,-0.89,-0.55,HORIZONTAL
10.90,-0.87,-1.02,HORIZONTAL
10.96,-0.65,-1.43,HORIZONTAL
10.90,-0.08,-1.16,HORIZONTAL
10.50,0.68,-0.82,HORIZONTAL
10.12,1.04,-0.71,HORIZONTAL
10.22,1.05,-0.73,HORIZONTAL
10.15,0.97,-0.57,HORIZONTAL
10.05,0.68,-0.49,HORIZONTAL
10.08,0.34,-0.50,HORIZONTAL
10.05,0.01,-0.59,HORIZONTAL
10.05,-0.19,-0.70,HORIZONTAL
10.03,-0.50,-0.79,HORIZONTAL
9.99,-0.76,-0.87,HORIZONTAL
10.00,-0.91,-0.94,HORIZONTAL
10.05,-0.93,-0.99,HORIZONTAL
10.10,-0.85,-1.04,HORIZONTAL
10.22,-0.83,-1.00,HORIZONTAL
10.24,-0.77,-0.90,HORIZONTAL
10.33,-0.69,-0.91,HORIZONTAL
10.40,-0.68,-1.13,HORIZONTAL
10.39,-0.51,-1.10,HORIZONTAL
10.43,-0.22,-0.74,HORIZONTAL
10.41,-0.02,-0.68,HORIZONTAL
10.33,0.02,-0.77,HORIZONTAL
10.30,0.12,-0.76,HORIZONTAL
10.27,-0.08,-0.78,HORIZONTAL
10.12,-0.34,-0.74,HORIZONTAL
10.10,-0.50,-0.62,HORIZONTAL
10.04,-0.65,-0.50,HORIZONTAL
10.03,-0.83,-0.57,HORIZONTAL
10.09,-0.91,-0.67,HORIZONTAL
10.11,-0.97,-0.68,HORIZONTAL
10.17,-1.11,-0.72,HORIZONTAL
10.23,-1.21,-0.92,HORIZONTAL
10.38,-1.16,-0.96,HORIZONTAL
10.39,-0.95,-0.98,HORIZONTAL
10.38,-0.80,-1.10,HORIZONTAL
10.49,-0.78,-1.09,HORIZONTAL
10.59,-0.69,-1.02,HORIZONTAL
10.55,-0.56,-1.03,HORIZONTAL
10.68,-0.42,-1.16,HORIZONTAL
10.86,-0.21,-1.42,HORIZONTAL
10.98,-0.05,-1.45,HORIZONTAL
10.90,0.10,-1.39,HORIZONTAL
10.80,0.07,-1.28,HORIZONTAL
10.63,0.03,-1.14,HORIZONTAL
10.49,-0.04,-1.10,HORIZONTAL
10.51,-0.31,-1.22,HORIZONTAL
10.52,-0.66,-1.27,HORIZONTAL
10.46,-0.85,-1.19,HORIZONTAL
10.18,-0.95,-1.00,HORIZONTAL
9.76,-1.01,-0.55,HORIZONTAL
9.18,-1.13,0.13,HORIZONTAL
8.91,-1.12,0.45,HORIZONTAL
9.04,-1.18,0.20,HORIZONTAL
9.51,-1.07,-0.58,HORIZONTAL
9.93,-0.83,-1.23,HORIZONTAL
10.19,-0.56,-1.27,HORIZONTAL
10.35,-0.25,-1.06,HORIZONTAL
10.38,-0.01,-0.94,HORIZONTAL
10.33,0.21,-0.98,HORIZONTAL
10.16,0.23,-0.90,HORIZONTAL
10.02,0.18,-0.77,HORIZONTAL
9.80,-0.21,-0.42,HORIZONTAL
9.72,-0.51,-0.24,HORIZONTAL
9.72,-0.62,-0.16,HORIZONTAL
9.79,-0.68,-0.20,HORIZONTAL
9.87,-0.79,-0.33,HORIZONTAL
9.95,-0.84,-0.38,HORIZONTAL
9.97,-1.00,-0.60,HORIZONTAL
10.20,-1.18,-1.02,HORIZONTAL
10.46,-1.16,-1.18,HORIZONTAL
10.61,-1.14,-1.16,HORIZONTAL
10.55,-1.14,-1.02,HORIZONTAL
10.40,-1.18,-0.92,HORIZONTAL
10.24,-1.12,-0.85,HORIZONTAL
10.20,-1.02,-0.92,HORIZONTAL
10.32,-0.94,-1.11,HORIZONTAL
10.64,-0.78,-1.35,HORIZONTAL
10.69,-0.45,-1.30,HORIZONTAL
10.62,-0.34,-1.36,HORIZONTAL
10.41,-0.49,-1.31,HORIZONTAL
10.22,-0.53,-0.99,HORIZONTAL
10.06,-0.57,-0.85,HORIZONTAL
10.03,-0.55,-1.13,HORIZONTAL
10.15,-0.49,-1.34,HORIZONTAL
10.38,-0.54,-1.41,HORIZONTAL
10.62,-0.60,-1.44,HORIZONTAL
10.71,-0.71,-1.40,HORIZONTAL
10.64,-0.82,-1.32,HORIZONTAL
10.55,-0.88,-1.29,HORIZONTAL
10.45,-0.91,-1.35,HORIZONTAL
10.36,-0.97,-1.40,HORIZONTAL
10.30,-1.02,-1.47,HORIZONTAL
10.24,-1.06,-1.48,HORIZONTAL
10.17,-1.02,-1.40,HORIZONTAL
10.17,-0.95,-1.32,HORIZONTAL
10.22,-0.85,-1.29,HORIZONTAL
10.29,-0.68,-1.27,HORIZONTAL
10.30,-0.59,-1.32,HORIZONTAL
10.20,-0.58,-1.26,HORIZONTAL
9.99,-0.54,-1.15,HORIZONTAL
9.86,-0.23,-1.03,HORIZONTAL
9.73,-0.00,-1.07,HORIZONTAL
9.63,-0.44,-1.17,HORIZONTAL
9.63,-0.70,-1.22,HORIZONTAL
9.84,-0.71,-1.13,HORIZONTAL
10.01,-0.63,-1.14,HORIZONTAL
10.27,-0.63,-1.26,HORIZONTAL
10.39,-0.66,-1.34,HORIZONTAL
10.39,-0.64,-1.40,HORIZONTAL
10.38,-0.58,-1.41,HORIZONTAL
10.41,-0.53,-1.40,HORIZONTAL
10.52,-0.53,-1.30,HORIZONTAL
10.55,-0.49,-1.22,HORIZONTAL
10.57,-0.39,-1.20,HORIZONTAL
10.61,-0.35,-1.13,HORIZONTAL
10.64,-0.40,-1.06,HORIZONTAL
10.53,-0.49,-1.01,HORIZONTAL
10.42,-0.48,-1.00,HORIZONTAL
10.25,-0.35,-1.12,HORIZONTAL
10.18,-0.19,-1.06,HORIZONTAL
10.13,-0.03,-1.07,HORIZONTAL
10.08,0.11,-1.02,HORIZONTAL
10.15,0.15,-1.03,HORIZONTAL
10.26,0.09,-1.07,HORIZONTAL
10.32,0.09,-1.31,HORIZONTAL
10.26,0.22,-1.45,HORIZONTAL
10.18,0.43,-1.52,HORIZONTAL
10.13,0.58,-1.52,HORIZONTAL
10.06,0.73,-1.45,HORIZONTAL
9.99,0.72,-1.40,HORIZONTAL
9.96,0.53,-1.26,HORIZONTAL
9.80,0.20,-1.04,HORIZONTAL
9.68,-0.05,-0.91,HORIZONTAL
9.82,-0.24,-0.99,HORIZONTAL
10.03,-0.39,-1.10,HORIZONTAL
10.10,-0.44,-1.07,HORIZONTAL
10.05,-0.45,-0.98,HORIZONTAL
10.01,-0.40,-0.96,HORIZONTAL
10.14,-0.28,-0.94,HORIZONTAL
10.23,-0.08,-0.94,HORIZONTAL
10.29,0.16,-1.03,HORIZONTAL
10.36,0.40,-1.22,HORIZONTAL
10.46,0.60,-1.38,HORIZONTAL
10.43,0.67,-1.43,HORIZONTAL
10.35,0.64,-1.33,HORIZONTAL
10.37,0.56,-1.16,HORIZONTAL
10.40,0.50,-0.92,HORIZONTAL
10.37,0.43,-0.77,HORIZONTAL
10.34,0.28,-0.71,HORIZONTAL
10.25,0.17,-0.67,HORIZONTAL
10.06,0.19,-0.64,HORIZONTAL
9.97,0.26,-0.76,HORIZONTAL
10.00,0.31,-0.90,HORIZONTAL
10.01,0.37,-1.05,HORIZONTAL
10.02,0.47,-1.21,HORIZONTAL
9.85,0.64,-1.21,HORIZONTAL
9.74,0.80,-1.05,HORIZONTAL
9.85,0.98,-1.20,HORIZONTAL
9.85,1.09,-1.25,HORIZONTAL
9.78,1.03,-1.13,HORIZONTAL
9.88,0.90,-1.02,HORIZONTAL
9.93,0.80,-0.91,HORIZONTAL
10.02,0.68,-0.92,HORIZONTAL
10.14,0.53,-0.98,HORIZONTAL
10.32,0.38,-1.10,HORIZONTAL
10.33,0.20,-1.08,HORIZONTAL
10.24,0.07,-0.98,HORIZONTAL
10.22,0.05,-0.82,HORIZONTAL
10.28,0.05,-0.81,HORIZONTAL
10.37,0.12,-0.92,HORIZONTAL
10.41,0.20,-1.00,HORIZONTAL
10.38,0.34,-1.11,HORIZONTAL
10.20,0.39,-1.23,HORIZONTAL
10.12,0.37,-1.18,HORIZONTAL
10.16,0.35,-1.13,HORIZONTAL
10.20,0.29,-1.10,HORIZONTAL
10.20,0.21,-1.11,HORIZONTAL
10.21,0.11,-1.14,HORIZONTAL
10.34,0.00,-1.18,HORIZONTAL
10.41,-0.07,-1.28,HORIZONTAL
10.45,-0.20,-1.44,HORIZONTAL
10.43,-0.23,-1.48,HORIZONTAL
10.53,-0.20,-1.36,HORIZONTAL
10.61,-0.20,-1.35,HORIZONTAL
10.58,-0.22,-1.27,HORIZONTAL
10.49,-0.19,-1.24,HORIZONTAL
10.38,-0.11,-1.13,HORIZONTAL
10.27,-0.12,-0.95,HORIZONTAL

